first_name,COUNT(first_name)
Aamer,228
Aamod,216
Abdelaziz,227
Abdelghani,247
Abdelkader,222
Abdelwaheb,241
Abdulah,220
Abdulla,226
Achilleas,231
Adam,251
Adamantios,206
Adas,216
Adel,243
Adhemar,218
Adib,249
Adil,249
Adin,236
Adit,234
Adly,215
Aemilian,207
Aiichiro,237
Aiman,224
Aimee,228
Akeel,228
Akemi,259
Akeno,239
Akhilish,209
Aksel,241
Alagu,234
Alain,240
Alair,242
Alassane,234
Alejandra,233
Alejandro,211
Aleksandar,234
Aleksander,234
Alenka,207
Alexius,218
Almudena,224
Alois,228
Aloke,230
Along,248
Aloys,236
Alper,238
Alselm,216
Aluzio,208
Amabile,240
Amalendu,225
Amstein,231
Anestis,215
Angel,248
Angus,240
Anneke,225
Anneli,232
Annemarie,222
Anoosh,230
Anwar,230
Anyuan,278
Apostol,232
Aral,225
Aram,232
Aran,221
Arch,229
Arco,234
Arfst,244
Aria,229
Arie,255
Arif,204
Aris,234
Arlette,229
Armond,238
Arnd,249
Arne,233
Arno,261
Arnould,233
Aron,213
Arra,241
Arto,244
Arumugam,228
Arun,241
Aruna,206
Arunachalam,231
Arunas,229
Arup,222
Arve,228
Arvin,247
Arvind,258
Ashish,246
Atilio,206
Atreye,258
Atreyi,251
Augustine,246
Avishai,208
Ayakannu,238
Ayonca,238
Babette,248
Bader,202
Badri,227
Bangqing,246
Baocai,240
Baoqiu,231
Barna,220
Barry,255
Bartek,246
Barton,232
Baruch,231
Barun,223
Basant,242
Basem,198
Basil,236
Basim,228
Baziley,227
Becky,227
Bedir,238
Bedrich,240
Behnaam,224
Berhard,251
Berna,205
Bernardo,246
Bernd,240
Berni,234
Bernice,233
Bernt,235
Berry,269
Berthier,227
Berto,248
Beshir,198
Bezalel,228
Bikash,223
Bilhanan,239
Billie,222
Billur,221
Bingning,243
Bluma,226
Boalin,236
Boaz,232
Bodh,251
Bodo,222
Bogdan,206
Boguslaw,255
Bojan,263
Bokyung,245
Boriana,234
Bouchung,249
Boutros,228
Bowen,234
Branimir,225
Breannda,243
Brendon,202
Brewster,267
Brigham,241
Byong,251
Candida,248
Candido,242
Caolyn,218
Carrsten,230
Cathie,221
Cedric,227
Chaitali,239
Chandrasekaran,238
Changho,228
Chanjung,245
Chaosheng,237
Chaoyi,215
Charlene,263
Charmane,230
Chenxi,221
Chenye,227
Chenyi,243
Cheong,229
Chikako,257
Chikara,246
Chinho,223
Chinhyun,253
Chinya,225
Chiradeep,227
Chiranjit,256
Chirstian,226
Chrisa,227
Chriss,250
Christ,238
Christfried,228
Christoper,239
Christoph,215
Christophe,237
Chuanti,248
Chuanyi,244
Claude,228
Claudi,245
Clyde,220
Collette,252
Conal,212
Conor,241
Conrado,248
Constantijn,224
Constantine,252
Constantino,236
Cordelia,229
Cristinel,221
Cullen,246
DAIDA,246
Danae,244
Danai,249
Danco,210
Danel,224
Danil,239
Danny,236
Dannz,267
Dante,249
Dayanand,232
Debaprosad,213
Debatosh,232
Deborah,248
DeForest,216
Dekang,243
Demin,264
Demos,239
Denis,232
Deniz,251
Denny,236
Dharmaraja,224
Dhritiman,233
Diederik,226
Dietrich,261
Dinah,231
Dines,246
Dinkar,223
Dipankar,257
Dipayan,229
Divier,247
Divine,230
Djelloul,237
Djenana,252
Dmitri,223
Dmitry,242
Domenick,228
Domenico,199
Doohun,240
Doowon,236
Douadi,222
Duangkaew,226
Duke,248
Dulce,248
Dung,216
Duri,221
Duro,241
Dzung,253
Ebbe,190
Eben,239
Eberhardt,246
Ebru,212
Eckart,258
Edwin,227
Eirik,220
Eishiro,245
Ekawit,246
Eldridge,269
Elgin,279
Elliott,238
Elrique,245
Elvia,241
Elvis,246
Elzbieta,252
Emdad,259
Emran,205
Ennio,243
Eran,255
Erez,221
Eric,244
Erzsebet,262
Etsuo,235
Evgueni,227
Ewing,269
Fabrizio,240
Fai,229
Faiza,246
Falguni,233
Fan,226
Fatemeh,220
Fay,227
Fayez,241
Fei,256
Feipei,224
Feixiong,220
Feiyu,234
Felicidad,245
Fen,215
Ferdinand,224
Filipe,255
Filipp,254
Flemming,239
Florian,222
Florina,239
Foong,255
Fox,239
Francesca,228
Francoise,251
Franziska,231
Frazer,240
Frederique,261
Freyja,241
Froduald,203
Fumiko,239
Fumino,235
Fumitaka,240
Fumitake,222
Fumiya,212
Fumiyo,248
Fun,230
Fuqing,221
Fusako,232
Gad,243
Gadiel,224
Gaetan,249
Gal,243
Gao,244
Garnet,210
Garnik,211
Gaurav,231
Gay,225
Gen,240
Genevieve,241
Genki,221
Gennadi,207
Gennady,226
Genta,245
Geoff,228
Geoffrey,236
Geoffry,218
Georg,249
George,231
Georgi,253
Georgy,242
Ger,231
Geraldo,248
Gererd,224
Ghassan,224
Gian,211
Gianluca,232
Giao,228
Giap,235
Gift,242
Gil,228
Gila,224
Gilbert,251
Gill,239
Gina,246
Gino,248
Gio,235
Giordano,245
Giri,270
Girolamo,221
Gita,238
Gladys,194
Goa,219
Godehard,228
Goetz,242
Goh,224
Golgen,230
Goncalo,225
Gonzalo,242
Goo,214
Gopalakrishnan,226
Gor,234
Gou,199
Greger,234
Gregory,218
Gretta,257
Gritta,226
Gro,221
Guadalupe,240
Guangming,203
Gudjon,234
Guenter,235
Guiseppe,237
Gully,223
Gunilla,235
Guoxiang,255
Guozhong,248
Gurbir,231
Guther,260
Guttorm,218
Hailing,230
Hairong,266
Haldon,215
Haldun,220
Halsur,228
Harjit,218
Harngdar,219
Hatem,271
Hatim,232
Hatsukazu,252
Hauke,222
Hausi,252
Heather,229
Heejo,225
Heeju,261
Heekeun,238
Hein,235
Heng,263
Henk,231
Heon,246
Heping,239
Herb,239
Herbert,253
Hercules,255
Hidde,235
Hidefumi,222
Hidekazu,213
Hideo,224
Hideyuki,253
Hilari,241
Hilary,238
Hinrich,229
Hirochika,233
Hironobu,236
Hironoby,219
Hiroyasu,239
Hisao,222
Hitofumi,243
Hitomi,228
Holgard,222
Honesty,236
Honglan,221
Hongzhu,237
Hongzue,238
Horward,232
Houman,221
Howell,257
Hsiangchu,237
Huai,222
Huan,242
Huei,230
Hugh,233
Hugo,226
Huican,276
Huiqun,246
Hyuckchul,261
Hyuncheol,238
Iara,244
Ibibia,235
Idoia,256
IEEE,235
Inderjeet,228
Indrajit,224
Ingemar,232
Ingmar,218
Insup,206
Ioana,237
Ipke,234
Irena,241
Irene,263
Isaac,227
Isamu,221
Ishfaq,200
Itzchak,244
Izaskun,241
Jaana,234
Jaber,264
Jackson,256
Jacopo,263
Jacqueline,219
Jaewon,223
Jaewoo,225
Jagoda,224
Jahangir,228
Jaideep,257
Jaihie,229
Jamaludin,244
Janalee,230
Janche,249
Jaques,234
Jaroslava,193
Jasminko,248
Jayesh,265
Jayson,235
Jeane,230
Jeanna,231
Jeanne,233
Jenwei,231
Jeong,239
Jessie,216
Jiafu,223
Jiakeng,252
Jiang,247
Jianhao,232
Jianhua,241
Jianhui,210
Jiann,233
Jianwen,236
Jingling,246
Jinpo,212
Jinxi,228
Jinya,231
Jiong,233
Jixiang,250
JiYoung,216
JoAnna,236
JoAnne,237
Jolita,216
Jongsuk,252
Jordanka,243
Josyula,244
Jouko,232
Jouni,240
Jovan,222
Joydip,246
Juichirou,220
Jungsoon,250
Junichi,231
Junsik,224
Juyoung,215
Kagan,224
Kaijung,244
Kamakshi,251
Kamran,234
Kankanahalli,245
Kannan,236
Karlis,256
Karoline,234
Karsten,242
Kasidit,221
Kasturi,236
Katsuo,232
Katsuyuki,233
Kauko,257
KayLiang,214
Kayoko,261
Kazuhide,234
Kazuhiko,258
Kazuhira,232
Kazuhiro,210
Kazuhisa,260
Kazuhito,245
Kazunori,239
Kazuyasu,224
Keiichiro,230
Kellie,226
Kellyn,251
Kendra,232
Kenroku,258
Kensei,248
Kensyu,246
Kenton,245
Kerhong,240
Kerryn,248
Kersti,257
Keung,217
Khaled,233
Khalid,242
Khalil,223
Khatoun,247
Khedija,216
Khoa,237
Khosrow,210
Khue,241
Khun,260
Kiam,241
Kien,237
King,244
Kinh,252
Kirk,229
Kish,252
Kitty,224
Kiyokazu,233
Kiyomitsu,225
Kiyotoshi,247
Koichi,256
Kokou,250
Kolar,229
Koldo,240
Kotesh,233
Kousuke,252
Krassimir,231
Krisda,234
Kristen,254
Krister,231
Kristian,225
Kristin,259
Kristina,234
Kristine,217
Kristinn,259
Kristof,217
Kshitij,207
Kwan,215
Kwangho,227
Kwangjo,219
Kwangsub,237
Kwangyoen,224
Kwee,234
Kwok,233
Kwun,240
Kyoichi,251
Lakshmi,221
Lalit,264
Lansing,205
Larisa,228
Laurentiu,214
Leaf,240
Leah,255
Leandro,213
Lech,185
Leen,246
Leif,239
Lein,242
Lena,237
Lene,236
Leni,209
Lenore,226
Leon,252
Leszek,232
Leucio,238
Licheng,219
Lidong,258
Lihong,231
Lijia,254
Lijie,235
Lillian,243
LiMin,221
Limsoon,238
Lobel,238
Lokesh,241
Lorien,232
Lubomir,245
Lucian,227
Lucien,227
Luerbio,241
Luigi,238
Luisa,245
Luise,218
Lunjin,242
Mabhin,252
Mabo,245
Mabry,216
Macha,233
Mack,234
Mads,236
Magdalena,203
Magy,223
Maha,210
Mahendra,226
Mahmut,244
Maia,242
Maik,239
Maja,204
Makato,213
Make,275
Malu,220
Mamdouh,212
Mana,239
Mandell,227
Mang,263
Mani,256
Manibrata,247
Manohar,231
Mansur,268
Mantis,229
Manton,226
Manu,267
Mara,230
Marc,232
Marco,241
Marek,235
Maren,235
Margareta,232
Margo,225
Mari,232
Maria,239
Mariangiola,265
Marie,235
Marin,226
Mario,254
Maris,221
Marit,216
Mariusz,224
Marjo,248
Mark,230
Marke,226
Marko,234
Marl,229
Marla,239
Marlo,237
Marsal,238
Marsha,236
Marsja,235
Mart,253
Martial,223
Martien,220
Martijn,248
Martina,231
Martine,234
Martins,227
Mary,224
Masadi,221
Masaki,250
Masako,255
Masali,231
Masami,233
Masamitsu,224
Masanao,226
Masaru,242
Masasuke,243
Masato,241
Masoud,242
Matk,219
Mats,229
Matt,233
Maya,236
Mayuko,259
Mayumi,253
Mayuri,230
Mechthild,242
Menkae,223
Michaela,211
Mihalis,210
Mikhail,247
Mingdong,239
Minghong,236
Mingsen,249
Mingzeng,232
Miomir,246
Miquel,214
Mircea,222
Mitchel,233
Mitsuyuki,262
Miyeon,255
Mizuhito,232
Mohamadou,226
Mohammad,242
Mohammed,229
Mohan,237
Mohd,206
Moheb,244
Mohit,227
Mohua,230
Moie,234
Mokhtar,262
Mona,224
Mong,258
Moni,236
Monique,268
Mooi,238
Moon,243
Mori,216
Moriyoshi,211
Morrie,227
Morris,248
Moss,245
Mostafa,266
Moti,216
Moto,213
Mototsugu,226
Moty,210
Mountaz,210
Mrinalini,231
Munehiko,246
Munehiro,228
Munenori,218
Muneo,253
Munir,229
Murthy,235
Muzhong,241
Nadjib,257
Naftali,209
Naftaly,252
Nagui,216
Nahid,199
Nahla,220
Nahum,249
Nakhoon,230
Nalini,251
Naraig,220
Narain,216
Nathalie,221
Nathan,240
Navid,227
Navin,254
Nechama,226
Nectarios,236
Neelam,222
Neven,245
Nevin,226
Nevio,227
Niclas,229
Nidapan,252
Nigel,240
Nikolaos,249
Nikolaus,232
Nimmagadda,221
Niranjan,218
Nirmal,227
Nishit,229
Niteen,250
Nitsan,228
Nobuyoshi,223
Noritoshi,225
Oddvar,222
Odinaldo,234
Odoardo,244
Odysseas,228
Oguz,214
Ohad,201
Oksana,248
Oldrich,264
Olivera,247
Ortrud,211
Ortrun,224
Oscal,214
Oscar,236
Otilia,249
Otmar,232
Ottavia,249
Owen,247
Paddy,218
Padma,246
Palash,225
Paloma,246
Panayotis,272
Pantung,226
Paraskevi,248
Paris,229
Parke,252
Parto,228
Parviz,234
Pascal,225
Pasqua,244
Patricia,215
Patricio,237
Peer,232
Percy,227
Perla,198
Perry,233
Persi,214
Peternela,224
Petter,221
Phillip,250
Phule,216
Phuoc,250
Pintsang,249
Piyawadee,253
Piyush,239
Pohua,236
Poorav,229
Poornachandra,238
Pradeep,227
Pragnesh,254
Pramod,258
Pranas,234
Pranav,269
Pranay,259
Pranjal,256
Prasadram,242
Premal,225
Premsyl,242
Prodip,265
Przemyslawa,262
Qingxiang,246
Qiwen,246
Quingbo,237
Qunsheng,230
Radhakrishnan,226
Radhia,243
Radhika,237
Radoslaw,253
Rafael,220
Rafail,213
Rafols,243
Raimond,262
Rajmohan,237
Ramachenga,229
Ramalingam,223
Ramya,222
Ramzi,265
Ranan,228
Rance,264
Randi,235
Randy,248
Ranga,252
Rasiah,227
Rasikan,225
Ravishankar,214
Rayond,262
Reinhard,246
Reinhold,238
Remco,236
Remko,249
Remmert,240
Remzi,242
Renee,250
Renny,185
Reuven,218
Richara,246
Richard,247
Rildo,241
Rimli,248
Rimon,217
Roddy,250
Roded,225
Ronghao,252
Ronnie,222
Rosalie,229
Rosalyn,249
Rosella,217
Roselyn,233
Rosine,240
Rosita,227
Rosli,235
Rutger,238
Sachar,234
Sachem,229
Sachin,232
Sachio,260
Saddek,254
Sadegh,228
Sadok,252
Sadun,237
Saeed,266
Saeko,221
Sahrah,217
Sailaja,237
Sajjad,237
Sajjan,197
Sakthirel,249
Salvador,260
Sampalli,236
Samphel,242
Sandeepan,238
Sangeeta,214
Saniya,257
Sanjai,256
Sanjay,239
Sanjeeva,229
Sanjit,219
Sanjiv,212
Sanjoy,247
Sariel,269
Sarita,224
Sasan,228
Sashi,221
Sastry,240
Satoru,236
Satosi,213
Satyanarayana,242
Sedat,230
Selwyn,238
Seongbae,215
Seongbin,228
Serap,262
Serenella,236
Serge,237
Sergi,256
Serif,216
Seshu,238
Shahab,295
Shahaf,229
Shahar,224
Shahid,241
Shai,226
Shaibal,245
Shakhar,250
Shaleah,229
Shalesh,242
Sham,245
Shan,249
Shao,236
Shaowei,256
Shaowen,227
Shaunak,267
Shaw,224
Shawna,253
Shay,233
Shaz,240
Shem,235
Shen,270
Shichao,240
Shietung,245
Shigeaki,217
Shigehiro,219
Shigehito,262
Shigeichiro,242
Shigenori,256
Shigeo,213
Shigeu,262
Shih,244
Shim,225
Shimshon,233
Shin,249
Shir,256
Shirish,249
Shiv,239
Shmuel,235
Shooichi,255
Shounak,243
Shridhar,251
Shrikanth,218
Shugo,248
Shuho,211
Shuichi,219
Shuji,240
Shuky,215
